,image_name,image_label,feat_0,feat_1,feat_2,feat_3,feat_4,feat_5,feat_6,feat_7,feat_8,feat_9
0,BRACS_280_N_10,0,0.0,0.0,0.0,0.0,7.0985622,0.0,8.569376,0.0,0.0,0.0
1,BRACS_280_N_19,0,0.0,0.0,0.0,0.0,10.18496,0.0,12.132146,0.0,0.0,0.0
2,BRACS_1319_PB_8,1,0.0,0.0,0.0,7.820231,0.0,0.0,0.0,0.0,0.0,0.0
3,BRACS_280_N_18,0,0.0,0.0,0.0,0.0,5.099098,0.0,6.193035,0.0,0.0,0.0
4,BRACS_1319_PB_15,1,0.0,0.0,0.0,7.375187,0.0,0.0,0.0,0.0,0.0,0.0
5,BRACS_1324_PB_4,1,0.0,0.0,0.0,12.639292,0.0,0.0,0.0,0.0,0.0,0.0
6,BRACS_1242_PB_4,1,0.0,0.0,0.0,6.4424615,0.0,0.0,0.0,0.0,0.0,0.0
7,BRACS_1320_PB_18,1,0.0,0.0,0.0,6.4966927,0.0,0.0,0.0,0.0,0.0,0.0
8,BRACS_1239_PB_7,1,0.0,0.0,0.0,6.2597556,0.0,0.0,0.0,0.0,0.0,0.0
9,BRACS_760_N_10,0,0.0,0.0,0.0,0.0,11.902789,0.0,14.359731,0.0,0.0,0.0
10,BRACS_280_N_3,0,0.0,0.0,0.0,0.0,13.740294,0.0,16.355927,0.0,0.0,0.0
11,BRACS_1593_N_3,0,0.0,0.0,0.0,0.0,3.4756055,0.0,4.402526,0.0,0.0,0.0
12,BRACS_1486_PB_10,1,0.0,0.0,0.0,4.3825693,0.0,0.0,0.0,0.0,0.0,0.0
13,BRACS_1857_N_5,0,0.0,0.0,0.0,0.0,1.306111,0.0,1.7993108,0.0,0.0,0.0
14,BRACS_1496_UDH_10,1,0.0,0.0,0.0,3.1454356,0.0,0.0,0.0,0.0,0.0,0.0
15,BRACS_736_N_4,0,0.0,0.0,0.0,0.0,4.9071984,0.0,6.0199404,0.0,0.0,0.0
16,BRACS_1945_N_4,0,0.0,0.0,0.0,0.0,1.8612905,0.0,2.511614,0.0,0.0,0.0
17,BRACS_265_N_8,0,0.0,0.0,0.0,0.0,14.490058,0.0,17.50618,0.0,0.0,0.0
18,BRACS_1494_N_54,0,0.0,0.0,0.0,2.9315631,0.0,0.0,0.18663605,0.0,0.0,0.0
19,BRACS_1318_PB_2,1,0.0,0.0,0.0,7.57841,0.0,0.0,0.0,0.0,0.0,0.0
20,BRACS_1231_N_28,0,0.0,0.0,0.0,7.357302,0.0,0.0,0.0,0.0,0.0,0.0
21,BRACS_297_N_10,0,0.0,0.0,0.0,1.1398172,0.0,0.0,0.05767563,0.0,0.0,0.0
22,BRACS_1272_UDH_44,1,0.0,0.0,0.0,7.306707,0.0,0.0,0.0,0.0,0.0,0.0
23,BRACS_1318_PB_4,1,0.0,0.0,0.0,7.4283133,0.0,0.0,0.0,0.0,0.0,0.0
24,BRACS_1239_PB_2,1,0.0,0.0,0.0,7.7364955,0.0,0.0,0.0,0.0,0.0,0.0
25,BRACS_1255_PB_3,1,0.0,0.0,0.0,7.6716566,0.0,0.0,0.0,0.0,0.0,0.0
26,BRACS_1235_N_8,0,0.0,0.0,0.0,6.078753,0.0,0.0,0.0,0.0,0.0,0.0
27,BRACS_1584_N_1,0,0.0,0.0,0.0,0.0,12.425594,0.0,14.993238,0.0,0.0,0.0
28,BRACS_1319_PB_16,1,0.0,0.0,0.0,6.3388095,0.0,0.0,0.0,0.0,0.0,0.0
29,BRACS_297_N_19,0,0.0,0.0,0.0,0.0,5.6208963,0.0,6.811558,0.0,0.0,0.0
30,BRACS_1409_UDH_2,1,0.0,0.0,0.0,5.195884,0.0,0.0,0.0,0.0,0.0,0.0
31,BRACS_264_N_12,0,0.0,0.0,0.0,0.0,4.1900597,0.0,5.094444,0.0,0.0,0.0
32,BRACS_292_N_2,0,0.0,0.0,0.0,0.0,9.446696,0.0,11.342174,0.0,0.0,0.0
33,BRACS_1494_UDH_20,1,0.0,0.0,0.0,3.9029279,0.0,0.0,0.04211489,0.0,0.0,0.0
34,BRACS_281_N_9,0,0.0,0.0,0.0,0.0,1.0618907,0.0,1.526762,0.0,0.0,0.0
35,BRACS_1235_PB_10,1,0.0,0.0,0.0,1.9939865,0.0,0.0,0.0,0.0,0.0,0.0
36,BRACS_1865_N_6,0,0.0,0.0,0.0,0.0,8.773059,0.0,10.549219,0.0,0.0,0.0
37,BRACS_1511_N_2,0,0.0,0.0,0.0,0.0,3.803361,0.0,4.8209596,0.0,0.0,0.0
38,BRACS_1324_PB_8,1,0.0,0.0,0.0,6.924587,0.0,0.0,0.0,0.0,0.0,0.0
39,BRACS_1235_N_12,0,0.0,0.0,0.0,0.0,4.006256,0.0,5.084249,0.0,0.0,0.0
40,BRACS_760_N_11,0,0.0,0.0,0.0,0.0,24.063828,0.0,29.04226,0.0,0.0,0.0
41,BRACS_760_N_15,0,0.0,0.0,0.0,0.0,14.185212,0.0,17.195442,0.0,0.0,0.0
42,BRACS_1231_PB_33,1,0.0,0.0,0.0,11.683695,0.0,0.0,0.0,0.0,0.0,0.0
43,BRACS_1257_PB_3,1,0.0,0.0,0.0,5.989927,0.0,0.0,0.0,0.0,0.0,0.0
44,BRACS_1251_PB_2,1,0.0,0.0,0.0,5.191982,0.0,0.0,0.0,0.0,0.0,0.0
45,BRACS_1945_N_11,0,0.0,0.0,0.0,0.0,3.2947505,0.0,4.2106056,0.0,0.0,0.0
46,BRACS_734_N_24,0,0.0,0.0,0.0,0.0,2.441323,0.0,3.0984209,0.0,0.0,0.0
47,BRACS_734_N_75,0,0.0,0.0,0.0,0.0,1.7121035,0.0,2.2481647,0.0,0.0,0.0
48,BRACS_734_N_10,0,0.0,0.0,0.0,3.114757,0.0,0.0,0.0,0.0,0.0,0.0
49,BRACS_300_N_15,0,0.0,0.0,0.0,0.0,3.346931,0.0,4.105748,0.0,0.0,0.0
50,BRACS_1496_PB_20,1,0.0,0.0,0.0,5.015183,0.0,0.0,0.0,0.0,0.0,0.0
51,BRACS_1494_UDH_49,1,0.0,0.0,0.0,8.067243,0.0,0.0,0.0,0.0,0.0,0.0
52,BRACS_300_N_14,0,0.0,0.0,0.0,0.0,2.7750354,0.0,3.53718,0.0,0.0,0.0
53,BRACS_1238_PB_21,1,0.0,0.0,0.0,6.252254,0.0,0.0,0.0,0.0,0.0,0.0
54,BRACS_1238_PB_29,1,0.0,0.0,0.0,6.542894,0.0,0.0,0.0,0.0,0.0,0.0
55,BRACS_1886_N_6,0,0.0,0.0,0.0,0.0,4.1874776,0.0,5.150152,0.0,0.0,0.0
56,BRACS_1231_N_27,0,0.0,0.0,0.0,4.418303,0.0,0.0,0.0,0.0,0.0,0.0
57,BRACS_1496_UDH_18,1,0.0,0.0,0.0,6.5321407,0.0,0.0,0.0,0.0,0.0,0.0
58,BRACS_1238_UDH_49,1,0.0,0.0,0.0,7.8004594,0.0,0.0,0.0,0.0,0.0,0.0
59,BRACS_1238_UDH_30,1,0.0,0.0,0.0,8.464906,0.0,0.0,0.0,0.0,0.0,0.0
60,BRACS_280_N_12,0,0.0,0.0,0.0,0.0,5.685398,0.0,6.962607,0.0,0.0,0.0
61,BRACS_734_N_67,0,0.0,0.0,0.0,0.0,2.5284572,0.0,3.2121036,0.0,0.0,0.0
62,BRACS_283_N_10,0,0.0,0.0,0.0,0.67878735,0.0,0.0,0.2593844,0.0,0.0,0.0
63,BRACS_1857_N_6,0,0.0,0.0,0.0,0.0,1.9770633,0.0,2.6457129,0.0,0.0,0.0
64,BRACS_1320_PB_6,1,0.0,0.0,0.0,5.4364038,0.0,0.0,0.0,0.0,0.0,0.0
65,BRACS_1945_N_16,0,0.0,0.0,0.0,0.14885077,0.8099356,0.0,1.263674,0.0,0.0,0.0
66,BRACS_1319_PB_18,1,0.0,0.0,0.0,6.2525973,0.0,0.0,0.0,0.0,0.0,0.0
67,BRACS_283_N_35,0,0.0,0.0,0.0,0.0,2.8756254,0.0,3.5683458,0.0,0.0,0.0
68,BRACS_281_N_27,0,0.0,0.0,0.0,0.0,6.0295553,0.0,7.4890785,0.0,0.0,0.0
69,BRACS_1244_PB_1,1,0.0,0.0,0.0,1.0664407,0.0,0.0,0.3044319,0.0,0.0,0.0
70,BRACS_760_N_18,0,0.0,0.0,0.0,0.0,5.7717423,0.0,7.0320826,0.0,0.0,0.0
71,BRACS_1231_PB_37,1,0.0,0.0,0.0,6.6423593,0.0,0.0,0.0,0.0,0.0,0.0
72,BRACS_265_N_12,0,0.0,0.0,0.0,0.0,5.6135774,0.0,6.920607,0.0,0.0,0.0
73,BRACS_288_N_9,0,0.0,0.0,0.0,0.0,3.9271924,0.0,4.981804,0.0,0.0,0.0
74,BRACS_734_N_103,0,0.0,0.0,0.0,0.0,0.90869975,0.0,1.2892209,0.0,0.0,0.0
75,BRACS_288_N_10,0,0.0,0.0,0.0,0.0,9.068953,0.0,10.933243,0.0,0.0,0.0
76,BRACS_1865_N_2,0,0.0,0.0,0.0,0.0,3.8445199,0.0,4.7910967,0.0,0.0,0.0
77,BRACS_286_N_32,0,0.0,0.0,0.0,0.0,7.051524,0.0,8.593056,0.0,0.0,0.0
78,BRACS_1235_PB_5,1,0.0,0.0,0.0,3.741655,0.0,0.0,0.0,0.0,0.0,0.0
79,BRACS_1480_PB_2,1,0.0,0.0,0.0,6.7958083,0.0,0.0,0.0,0.0,0.0,0.0
80,BRACS_280_N_16,0,0.0,0.0,0.0,0.0,4.341556,0.0,5.3482485,0.0,0.0,0.0
81,BRACS_1640_N_2,0,0.0,0.0,0.0,0.0,1.4196287,0.0,1.9474695,0.0,0.0,0.0
82,BRACS_297_N_20,0,0.0,0.0,0.0,0.0,14.222096,0.0,16.949877,0.0,0.0,0.0
83,BRACS_1409_UDH_7,1,0.0,0.0,0.0,8.5241995,0.0,0.0,0.0,0.0,0.0,0.0
84,BRACS_1255_PB_4,1,0.0,0.0,0.0,6.267382,0.0,0.0,0.0,0.0,0.0,0.0
85,BRACS_1270_PB_1,1,0.0,0.0,0.0,2.7905476,0.0,0.0,0.1836194,0.0,0.0,0.0
86,BRACS_1409_UDH_8,1,0.0,0.0,0.0,6.8940377,0.0,0.0,0.0,0.0,0.0,0.0
87,BRACS_1238_PB_40,1,0.0,0.0,0.0,6.275401,0.0,0.0,0.0,0.0,0.0,0.0
88,BRACS_1231_N_18,0,0.0,0.0,0.0,8.8471,0.0,0.0,0.0,0.0,0.0,0.0
89,BRACS_1251_PB_5,1,0.0,0.0,0.0,5.8848867,0.0,0.0,0.0,0.0,0.0,0.0
90,BRACS_1486_PB_4,1,0.0,0.0,0.0,5.7211676,0.0,0.0,0.0,0.0,0.0,0.0
91,BRACS_760_N_1,0,0.0,0.0,0.0,0.0,3.0919664,0.0,3.9098134,0.0,0.0,0.0
92,BRACS_1485_N_4,0,0.0,0.0,0.0,0.7726569,0.4676811,0.0,0.89772856,0.0,0.0,0.0
93,BRACS_1231_N_38,0,0.0,0.0,0.0,2.367029,0.0,0.0,0.24896955,0.0,0.0,0.0
94,BRACS_295_N_26,0,0.0,0.0,0.0,1.1932405,0.0,0.0,0.11634733,0.0,0.0,0.0
95,BRACS_1239_PB_4,1,0.0,0.0,0.0,4.9197383,0.0,0.0,0.0,0.0,0.0,0.0
96,BRACS_1257_PB_4,1,0.0,0.0,0.0,5.1771727,0.0,0.0,0.0,0.0,0.0,0.0
97,BRACS_1508_N_3,0,0.0,0.0,0.0,0.0,6.8890715,0.0,8.413284,0.0,0.0,0.0
98,BRACS_1231_PB_14,1,0.0,0.0,0.0,9.518464,0.0,0.0,0.0,0.0,0.0,0.0
99,BRACS_1319_PB_4,1,0.0,0.0,0.0,6.1599803,0.0,0.0,0.0,0.0,0.0,0.0
100,BRACS_1238_PB_33,1,0.0,0.0,0.0,11.16551,0.0,0.0,0.0,0.0,0.0,0.0
101,BRACS_1926_N_3,0,0.0,0.0,0.0,0.0,1.169835,0.0,1.718582,0.0,0.0,0.0
102,BRACS_1318_PB_1,1,0.0,0.0,0.0,7.208999,0.0,0.0,0.0,0.0,0.0,0.0
103,BRACS_1494_UDH_40,1,0.0,0.0,0.0,9.14936,0.0,0.0,0.0,0.0,0.0,0.0
104,BRACS_1494_UDH_37,1,0.0,0.0,0.0,8.965576,0.0,0.0,0.0,0.0,0.0,0.0
105,BRACS_1494_UDH_55,1,0.0,0.0,0.0,6.0004306,0.0,0.0,0.0,0.0,0.0,0.0
106,BRACS_734_N_31,0,0.0,0.0,0.0,0.0,1.1160985,0.0,1.5241271,0.0,0.0,0.0
107,BRACS_1645_N_1,0,0.0,0.0,0.0,0.0,30.903603,0.0,36.940315,0.0,0.0,0.0
108,BRACS_1324_PB_5,1,0.0,0.0,0.0,14.886266,0.0,0.0,0.0,0.0,0.0,0.0
109,BRACS_1409_UDH_3,1,0.0,0.0,0.0,11.986467,0.0,0.0,0.0,0.0,0.0,0.0
110,BRACS_1318_PB_10,1,0.0,0.0,0.0,7.0443373,0.0,0.0,0.0,0.0,0.0,0.0
111,BRACS_1324_PB_3,1,0.0,0.0,0.0,8.98643,0.0,0.0,0.0,0.0,0.0,0.0
112,BRACS_1259_PB_3,1,0.0,0.0,0.0,6.6949635,0.0,0.0,0.0,0.0,0.0,0.0
113,BRACS_734_N_26,0,0.0,0.0,0.0,0.0,3.1806607,0.0,3.9785504,0.0,0.0,0.0
114,BRACS_1640_N_9,0,0.0,0.0,0.0,0.0,1.4359201,0.0,2.0388467,0.0,0.0,0.0
115,BRACS_1240_PB_10,1,0.0,0.0,0.0,5.73296,0.0,0.0,0.0,0.0,0.0,0.0
116,BRACS_1904_N_3,0,0.0,0.0,0.0,0.0,5.0380254,0.0,6.2383747,0.0,0.0,0.0
117,BRACS_736_N_6,0,0.0,0.0,0.0,0.0,8.499633,0.0,10.404245,0.0,0.0,0.0
118,BRACS_1253_PB_5,1,0.0,0.0,0.0,3.5343835,0.0,0.0,0.0,0.0,0.0,0.0
119,BRACS_1916_N_6,0,0.0,0.0,0.0,0.0,0.950366,0.0,1.3838629,0.0,0.0,0.0
120,BRACS_1238_PB_55,1,0.0,0.0,0.0,1.7006518,0.0,0.0,0.13295315,0.0,0.0,0.0
121,BRACS_1231_UDH_9,1,0.0,0.0,0.0,8.738357,0.0,0.0,0.0,0.0,0.0,0.0
122,BRACS_300_N_4,0,0.0,0.0,0.0,0.0,7.220291,0.0,8.700769,0.0,0.0,0.0
123,BRACS_292_N_5,0,0.0,0.0,0.0,0.0,13.266982,0.0,15.892038,0.0,0.0,0.0
124,BRACS_1496_UDH_26,1,0.0,0.0,0.0,5.1511016,0.0,0.0,0.0,0.0,0.0,0.0
125,BRACS_1496_UDH_3,1,0.0,0.0,0.0,5.030475,0.0,0.0,0.0,0.0,0.0,0.0
126,BRACS_1231_PB_11,1,0.0,0.0,0.0,7.716556,0.0,0.0,0.0,0.0,0.0,0.0
127,BRACS_1641_N_2,0,0.0,0.0,0.0,0.0,3.7205315,0.0,4.633885,0.0,0.0,0.0
128,BRACS_1608_N_2,0,0.0,0.0,0.0,0.0,2.5409284,0.0,3.3144026,0.0,0.0,0.0
129,BRACS_1272_UDH_39,1,0.0,0.0,0.0,4.440245,0.0,0.0,0.0,0.0,0.0,0.0
130,BRACS_1510_N_2,0,0.0,0.0,0.0,0.0,0.94398403,0.0,1.4244379,0.0,0.0,0.0
131,BRACS_265_N_9,0,0.0,0.0,0.0,0.0,3.6527023,0.0,4.4704895,0.0,0.0,0.0
132,BRACS_1272_UDH_34,1,0.0,0.0,0.0,6.3806853,0.0,0.0,0.0,0.0,0.0,0.0
133,BRACS_1238_PB_4,1,0.0,0.0,0.0,5.730957,0.0,0.0,0.0,0.0,0.0,0.0
134,BRACS_280_N_9,0,0.0,0.0,0.0,0.0,10.20178,0.0,12.121511,0.0,0.0,0.0
135,BRACS_1272_UDH_6,1,0.0,0.0,0.0,2.0305126,0.0,0.0,0.0,0.0,0.0,0.0
136,BRACS_1231_UDH_1,1,0.0,0.0,0.0,8.8726015,0.0,0.0,0.0,0.0,0.0,0.0
137,BRACS_300_N_6,0,0.0,0.0,0.0,0.0,0.8820523,0.0,1.2609056,0.0,0.0,0.0
138,BRACS_1494_UDH_7,1,0.0,0.0,0.0,4.9770656,0.0,0.0,0.0,0.0,0.0,0.0
139,BRACS_1494_UDH_9,1,0.0,0.0,0.0,6.352344,0.0,0.0,0.0,0.0,0.0,0.0
140,BRACS_1231_N_60,0,0.0,0.0,0.0,6.68737,0.0,0.0,0.0,0.0,0.0,0.0
141,BRACS_1235_PB_24,1,0.0,0.0,0.0,2.5416462,0.0,0.0,0.0,0.0,0.0,0.0
142,BRACS_1253_PB_3,1,0.0,0.0,0.0,0.0,1.6925913,0.0,2.3466113,0.0,0.0,0.0
143,BRACS_1599_N_2,0,0.0,0.0,0.0,0.0,4.4422007,0.0,5.5824327,0.0,0.0,0.0
144,BRACS_1591_N_6,0,0.0,0.0,0.0,0.0,16.22702,0.0,19.398014,0.0,0.0,0.0
145,BRACS_1319_PB_11,1,0.0,0.0,0.0,6.736671,0.0,0.0,0.0,0.0,0.0,0.0
146,BRACS_1231_PB_20,1,0.0,0.0,0.0,9.996029,0.0,0.0,0.0,0.0,0.0,0.0
147,BRACS_1320_PB_4,1,0.0,0.0,0.0,6.1658425,0.0,0.0,0.0,0.0,0.0,0.0
148,BRACS_1231_PB_43,1,0.0,0.0,0.0,9.143973,0.0,0.0,0.0,0.0,0.0,0.0
149,BRACS_1319_PB_10,1,0.0,0.0,0.0,6.4617605,0.0,0.0,0.0,0.0,0.0,0.0
150,BRACS_1640_N_4,0,0.0,0.0,0.0,5.9335847,0.0,0.0,0.0,0.0,0.0,0.0
151,BRACS_758_N_2,0,0.0,0.0,0.0,5.1470857,0.0,0.0,0.0,0.0,0.0,0.0
152,BRACS_1486_PB_13,1,0.0,0.0,0.0,9.968287,0.0,0.0,0.0,0.0,0.0,0.0
153,BRACS_1325_N_8,0,0.0,0.0,0.0,2.0309606,0.0,0.0,0.1564603,0.0,0.0,0.0
154,BRACS_1242_PB_5,1,0.0,0.0,0.0,5.6425223,0.0,0.0,0.0,0.0,0.0,0.0
155,BRACS_1231_PB_49,1,0.0,0.0,0.0,1.9489156,0.0,0.0,0.0,0.0,0.0,0.0
156,BRACS_1599_N_1,0,0.0,0.0,0.0,0.0,7.4569817,0.0,9.099888,0.0,0.0,0.0
157,BRACS_300_N_2,0,0.0,0.0,0.0,0.0,4.6804543,0.0,5.7792253,0.0,0.0,0.0
158,BRACS_1240_PB_1,1,0.0,0.0,0.0,5.8874555,0.0,0.0,0.0,0.0,0.0,0.0
159,BRACS_1231_UDH_21,1,0.0,0.0,0.0,17.490522,0.0,0.0,0.0,0.0,0.0,0.0
160,BRACS_1880_N_2,0,0.0,0.0,0.0,0.0,1.9117209,0.0,2.5142148,0.0,0.0,0.0
161,BRACS_760_N_8,0,0.0,0.0,0.0,0.0,5.191696,0.0,6.4191704,0.0,0.0,0.0
162,BRACS_1496_UDH_37,1,0.0,0.0,0.0,11.012114,0.0,0.0,0.0,0.0,0.0,0.0
163,BRACS_1238_PB_51,1,0.0,0.0,0.0,6.2996564,0.0,0.0,0.0,0.0,0.0,0.0
164,BRACS_1235_UDH_28,1,0.0,0.0,0.0,4.567113,0.0,0.0,0.0,0.0,0.0,0.0
165,BRACS_1510_N_21,0,0.0,0.0,0.0,0.15694065,0.5471183,0.0,0.9203347,0.0,0.0,0.0
166,BRACS_1231_N_58,0,0.0,0.0,0.0,3.848078,0.0,0.0,0.0,0.0,0.0,0.0
167,BRACS_1235_PB_3,1,0.0,0.0,0.0,7.608558,0.0,0.0,0.0,0.0,0.0,0.0
168,BRACS_283_N_18,0,0.0,0.0,0.0,0.0,1.4297076,0.0,1.9769543,0.0,0.0,0.0
169,BRACS_1231_N_51,0,0.0,0.0,0.0,1.4005749,0.0,0.0,0.04842677,0.0,0.0,0.0
170,BRACS_311_N_23,0,0.0,0.0,0.0,0.0,4.102025,0.0,5.0798793,0.0,0.0,0.0
171,BRACS_283_N_24,0,0.0,0.0,0.0,0.0,1.5385088,0.0,2.0533402,0.0,0.0,0.0
172,BRACS_1231_PB_13,1,0.0,0.0,0.0,7.7408643,0.0,0.0,0.0,0.0,0.0,0.0
173,BRACS_1918_N_10,0,0.0,0.0,0.0,5.394942,0.0,0.0,0.0,0.0,0.0,0.0
174,BRACS_1257_PB_2,1,0.0,0.0,0.0,6.8082724,0.0,0.0,0.0,0.0,0.0,0.0
175,BRACS_1485_N_3,0,0.0,0.0,0.0,0.45202312,0.5231411,0.0,0.9254534,0.0,0.0,0.0
176,BRACS_1330_PB_2,1,0.0,0.0,0.0,8.604772,0.0,0.0,0.0,0.0,0.0,0.0
177,BRACS_1238_UDH_11,1,0.0,0.0,0.0,7.737577,0.0,0.0,0.0,0.0,0.0,0.0
178,BRACS_747_N_35,0,0.0,0.0,0.0,0.0,5.880946,0.0,7.3033648,0.0,0.0,0.0
179,BRACS_1320_PB_7,1,0.0,0.0,0.0,6.6715236,0.0,0.0,0.0,0.0,0.0,0.0
180,BRACS_1933_N_8,0,0.0,0.0,0.0,0.0,2.0866642,0.0,2.7514338,0.0,0.0,0.0
181,BRACS_1250_PB_1,1,0.0,0.0,0.0,4.5132933,0.0,0.0,0.0,0.0,0.0,0.0
182,BRACS_280_N_7,0,0.0,0.0,0.0,0.0,13.298939,0.0,15.772636,0.0,0.0,0.0
183,BRACS_1231_UDH_4,1,0.0,0.0,0.0,8.286717,0.0,0.0,0.0,0.0,0.0,0.0
184,BRACS_1932_N_5,0,0.0,0.0,0.0,1.131341,0.0,0.0,0.058906626,0.0,0.0,0.0
185,BRACS_1231_PB_48,1,0.0,0.0,0.0,6.995047,0.0,0.0,0.0,0.0,0.0,0.0
186,BRACS_281_N_5,0,0.0,0.0,0.0,0.0,1.8848027,0.0,2.6335585,0.0,0.0,0.0
187,BRACS_1238_PB_9,1,0.0,0.0,0.0,5.8555903,0.0,0.0,0.0,0.0,0.0,0.0
188,BRACS_1272_UDH_21,1,0.0,0.0,0.0,3.779335,0.0,0.0,0.0,0.0,0.0,0.0
189,BRACS_1238_PB_13,1,0.0,0.0,0.0,7.2270846,0.0,0.0,0.0,0.0,0.0,0.0
190,BRACS_265_N_2,0,0.0,0.0,0.0,0.0,4.4247417,0.0,5.430191,0.0,0.0,0.0
191,BRACS_1235_PB_37,1,0.0,0.0,0.0,5.9577603,0.0,0.0,0.0,0.0,0.0,0.0
192,BRACS_734_N_19,0,0.0,0.0,0.0,0.0,5.3840523,0.0,6.572925,0.0,0.0,0.0
193,BRACS_1231_PB_40,1,0.0,0.0,0.0,9.5730715,0.0,0.0,0.0,0.0,0.0,0.0
194,BRACS_1320_PB_5,1,0.0,0.0,0.0,5.846209,0.0,0.0,0.0,0.0,0.0,0.0
195,BRACS_760_N_2,0,0.0,0.0,0.0,0.0,17.005417,0.0,20.483232,0.0,0.0,0.0
196,BRACS_1494_PB_25,1,0.0,0.0,0.0,6.5722613,0.0,0.0,0.0,0.0,0.0,0.0
197,BRACS_264_N_9,0,0.0,0.0,0.0,4.568302,0.0,0.0,0.0,0.0,0.0,0.0
198,BRACS_1257_PB_5,1,0.0,0.0,0.0,5.9012246,0.0,0.0,0.0,0.0,0.0,0.0
199,BRACS_1486_PB_11,1,0.0,0.0,0.0,6.6414948,0.0,0.0,0.0,0.0,0.0,0.0
200,BRACS_297_N_31,0,0.0,0.0,0.0,0.0,7.159591,0.0,8.5845585,0.0,0.0,0.0
201,BRACS_1235_N_25,0,0.0,0.0,0.0,0.0,5.02843,0.0,6.282494,0.0,0.0,0.0
202,BRACS_1336_PB_5,1,0.0,0.0,0.0,6.3976235,0.0,0.0,0.0,0.0,0.0,0.0
203,BRACS_1896_N_2,0,0.0,0.0,0.0,2.4054673,0.0,0.0,0.0,0.0,0.0,0.0
204,BRACS_760_N_4,0,0.0,0.0,0.0,0.0,8.819192,0.0,10.715234,0.0,0.0,0.0
205,BRACS_283_N_3,0,0.0,0.0,0.0,0.0,5.6993623,0.0,6.8566213,0.0,0.0,0.0
206,BRACS_280_N_1,0,0.0,0.0,0.0,0.0,5.231253,0.0,6.396111,0.0,0.0,0.0
207,BRACS_1496_UDH_24,1,0.0,0.0,0.0,8.790452,0.0,0.0,0.0,0.0,0.0,0.0
208,BRACS_1320_PB_20,1,0.0,0.0,0.0,6.142473,0.0,0.0,0.0,0.0,0.0,0.0
209,BRACS_1231_PB_6,1,0.0,0.0,0.0,7.7041717,0.0,0.0,0.0,0.0,0.0,0.0
210,BRACS_283_N_16,0,0.0,0.0,0.0,0.0,6.432321,0.0,7.7415657,0.0,0.0,0.0
211,BRACS_1496_UDH_2,1,0.0,0.0,0.0,8.642145,0.0,0.0,0.0,0.0,0.0,0.0
212,BRACS_281_N_30,0,0.0,0.0,0.0,0.0,4.065418,0.0,5.0613537,0.0,0.0,0.0
213,BRACS_265_N_1,0,0.0,0.0,0.0,0.0,18.097881,0.0,21.42094,0.0,0.0,0.0
214,BRACS_1240_PB_3,1,0.0,0.0,0.0,6.4799685,0.0,0.0,0.0,0.0,0.0,0.0
215,BRACS_1238_PB_12,1,0.0,0.0,0.0,5.6898713,0.0,0.0,0.0,0.0,0.0,0.0
216,BRACS_1320_PB_1,1,0.0,0.0,0.0,6.9120717,0.0,0.0,0.0,0.0,0.0,0.0
217,BRACS_1487_UDH_10,1,0.0,0.0,0.0,3.4401746,0.0,0.0,0.0,0.0,0.0,0.0
218,BRACS_1235_PB_36,1,0.0,0.0,0.0,6.110824,0.0,0.0,0.0,0.0,0.0,0.0
219,BRACS_265_N_6,0,0.0,0.0,0.0,0.0,11.344947,0.0,13.778143,0.0,0.0,0.0
220,BRACS_1508_N_1,0,0.0,0.0,0.0,0.0,3.2620964,0.0,4.1181006,0.0,0.0,0.0
221,BRACS_1325_PB_2,1,0.0,0.0,0.0,7.458133,0.0,0.0,0.0,0.0,0.0,0.0
222,BRACS_1494_UDH_30,1,0.0,0.0,0.0,6.000015,0.0,0.0,0.0,0.0,0.0,0.0
223,BRACS_1485_N_6,0,0.0,0.0,0.0,2.3828049,0.06583808,0.0,0.527513,0.0,0.0,0.0
224,BRACS_281_N_10,0,0.0,0.0,0.0,0.0,25.28132,0.0,30.386326,0.0,0.0,0.0
225,BRACS_1279_PB_4,1,0.0,0.0,0.0,3.830616,0.0,0.0,0.0,0.0,0.0,0.0
226,BRACS_1231_PB_46,1,0.0,0.0,0.0,10.139639,0.0,0.0,0.0,0.0,0.0,0.0
227,BRACS_283_N_42,0,0.0,0.0,0.0,3.2784364,0.0,0.0,0.0,0.0,0.0,0.0
228,BRACS_1319_PB_3,1,0.0,0.0,0.0,7.59598,0.0,0.0,0.0,0.0,0.0,0.0
229,BRACS_1239_PB_1,1,0.0,0.0,0.0,11.521396,0.0,0.0,0.0,0.0,0.0,0.0
230,BRACS_1594_N_5,0,0.0,0.0,0.0,1.1800665,0.15941577,0.0,0.54584575,0.0,0.0,0.0
231,BRACS_1609_N_2,0,0.0,0.0,0.0,7.234319,0.0,0.0,0.0,0.0,0.0,0.0
232,BRACS_264_N_17,0,0.0,0.0,0.0,0.0,1.0032586,0.0,1.3947239,0.0,0.0,0.0
233,BRACS_1231_PB_17,1,0.0,0.0,0.0,8.852019,0.0,0.0,0.0,0.0,0.0,0.0
234,BRACS_1904_N_2,0,0.0,0.0,0.0,0.0,6.2517357,0.0,7.7026467,0.0,0.0,0.0
235,BRACS_1494_UDH_39,1,0.0,0.0,0.0,6.9242435,0.0,0.0,0.0,0.0,0.0,0.0
236,BRACS_734_N_3,0,0.0,0.0,0.0,2.1350384,0.0,0.0,0.0,0.0,0.0,0.0
237,BRACS_1886_N_2,0,0.0,0.0,0.0,3.763347,0.0,0.0,0.0,0.0,0.0,0.0
238,BRACS_1318_PB_9,1,0.0,0.0,0.0,7.291705,0.0,0.0,0.0,0.0,0.0,0.0
239,BRACS_1584_N_2,0,0.0,0.0,0.0,0.0,5.0108333,0.0,6.2258863,0.0,0.0,0.0
240,BRACS_1608_N_4,0,0.0,0.0,0.0,6.53723,0.0,0.0,0.0,0.0,0.0,0.0
241,BRACS_1494_UDH_33,1,0.0,0.0,0.0,6.3778024,0.0,0.0,0.0,0.0,0.0,0.0
242,BRACS_1231_PB_29,1,0.0,0.0,0.0,6.3285108,0.0,0.0,0.0,0.0,0.0,0.0
243,BRACS_1945_N_6,0,0.0,0.0,0.0,0.0,3.3871317,0.0,4.3134403,0.0,0.0,0.0
244,BRACS_1496_PB_40,1,0.0,0.0,0.0,1.5341647,0.20391446,0.0,0.608902,0.0,0.0,0.0
245,BRACS_1242_PB_2,1,0.0,0.0,0.0,6.587315,0.0,0.0,0.0,0.0,0.0,0.0
246,BRACS_1231_UDH_3,1,0.0,0.0,0.0,7.3425007,0.0,0.0,0.0,0.0,0.0,0.0
247,BRACS_1494_UDH_29,1,0.0,0.0,0.0,7.2338023,0.0,0.0,0.0,0.0,0.0,0.0
248,BRACS_1930_N_9,0,0.0,0.0,0.0,0.0,1.382239,0.0,1.9389161,0.0,0.0,0.0
249,BRACS_1238_UDH_5,1,0.0,0.0,0.0,7.4060807,0.0,0.0,0.0,0.0,0.0,0.0
250,BRACS_1319_PB_7,1,0.0,0.0,0.0,7.8033214,0.0,0.0,0.0,0.0,0.0,0.0
251,BRACS_1494_PB_48,1,0.0,0.0,0.0,4.680788,0.0,0.0,0.0,0.0,0.0,0.0
252,BRACS_1320_PB_17,1,0.0,0.0,0.0,4.015372,0.0,0.0,0.0,0.0,0.0,0.0
253,BRACS_280_N_4,0,0.0,0.0,0.0,0.0,6.606982,0.0,7.947606,0.0,0.0,0.0
254,BRACS_1253_PB_4,1,0.0,0.0,0.0,5.3485355,0.0,0.0,0.0,0.0,0.0,0.0
255,BRACS_1325_PB_12,1,0.0,0.0,0.0,9.045566,0.0,0.0,0.0,0.0,0.0,0.0
256,BRACS_1933_N_4,0,0.0,0.0,0.0,0.0,11.421882,0.0,13.683466,0.0,0.0,0.0
257,BRACS_265_N_16,0,0.0,0.0,0.0,0.0,7.515169,0.0,9.155392,0.0,0.0,0.0
258,BRACS_1324_PB_7,1,0.0,0.0,0.0,14.297885,0.0,0.0,0.0,0.0,0.0,0.0
259,BRACS_1250_PB_5,1,0.0,0.0,0.0,4.1662908,0.0,0.0,0.0,0.0,0.0,0.0
260,BRACS_288_N_12,0,0.0,0.0,0.0,0.0,29.49273,0.0,34.77352,0.0,0.0,0.0
261,BRACS_1238_PB_3,1,0.0,0.0,0.0,10.864984,0.0,0.0,0.0,0.0,0.0,0.0
262,BRACS_265_N_5,0,0.0,0.0,0.0,0.0,7.3448505,0.0,8.882509,0.0,0.0,0.0
263,BRACS_1486_PB_7,1,0.0,0.0,0.0,3.3275826,0.0,0.0,0.0,0.0,0.0,0.0
264,BRACS_1320_PB_8,1,0.0,0.0,0.0,6.662214,0.0,0.0,0.0,0.0,0.0,0.0
265,BRACS_264_N_19,0,0.0,0.0,0.0,3.171024,0.0,0.0,0.0,0.0,0.0,0.0
266,BRACS_1608_N_5,0,0.0,0.0,0.0,6.1164846,0.0,0.0,0.0,0.0,0.0,0.0
267,BRACS_1598_N_4,0,0.0,0.0,0.0,0.9019468,0.76162434,0.0,1.25634,0.0,0.0,0.0
268,BRACS_1593_N_4,0,0.0,0.0,0.0,0.0,9.845035,0.0,12.00929,0.0,0.0,0.0
269,BRACS_301_N_3,0,0.0,0.0,0.0,0.0,7.636873,0.0,9.243822,0.0,0.0,0.0
270,BRACS_1494_PB_22,1,0.0,0.0,0.0,3.8920598,0.0,0.0,0.0,0.0,0.0,0.0
271,BRACS_1324_PB_9,1,0.0,0.0,0.0,9.548373,0.0,0.0,0.0,0.0,0.0,0.0
272,BRACS_300_N_11,0,0.0,0.0,0.0,0.0,31.344864,0.0,36.940987,0.0,0.0,0.0
273,BRACS_1231_PB_57,1,0.0,0.0,0.0,13.395073,0.0,0.0,0.0,0.0,0.0,0.0
274,BRACS_1325_N_5,0,0.0,0.0,0.0,6.771747,0.0,0.0,0.0,0.0,0.0,0.0
275,BRACS_283_N_8,0,0.0,0.0,0.0,0.0,4.354672,0.0,5.2864323,0.0,0.0,0.0
276,BRACS_1272_UDH_24,1,0.0,0.0,0.0,1.5297616,0.080047764,0.0,0.45876816,0.0,0.0,0.0
277,BRACS_264_N_22,0,0.0,0.0,0.0,0.0,6.013755,0.0,7.311491,0.0,0.0,0.0
278,BRACS_760_N_7,0,0.0,0.0,0.0,0.0,2.8636646,0.0,3.8433938,0.0,0.0,0.0
279,BRACS_1235_PB_16,1,0.0,0.0,0.0,4.0656204,0.0,0.0,0.0,0.0,0.0,0.0
280,BRACS_1904_N_4,0,0.0,0.0,0.0,0.0,5.068969,0.0,6.2775393,0.0,0.0,0.0
281,BRACS_283_N_48,0,0.0,0.0,0.0,0.0,6.4596,0.0,7.7973375,0.0,0.0,0.0
282,BRACS_281_N_34,0,0.0,0.0,0.0,0.0,0.7508401,0.0,1.146355,0.0,0.0,0.0
283,BRACS_1231_UDH_36,1,0.0,0.0,0.0,11.532504,0.0,0.0,0.0,0.0,0.0,0.0
284,BRACS_1409_UDH_10,1,0.0,0.0,0.0,13.186255,0.0,0.0,0.0,0.0,0.0,0.0
285,BRACS_1591_N_1,0,0.0,0.0,0.0,0.0,11.621117,0.0,14.024927,0.0,0.0,0.0
286,BRACS_311_N_68,0,0.0,0.0,0.0,0.0,4.995467,0.0,6.1144753,0.0,0.0,0.0
287,BRACS_1231_PB_12,1,0.0,0.0,0.0,8.503658,0.0,0.0,0.0,0.0,0.0,0.0
288,BRACS_1235_UDH_15,1,0.0,0.0,0.0,10.718167,0.0,0.0,0.0,0.0,0.0,0.0
289,BRACS_1494_UDH_31,1,0.0,0.0,0.0,9.015607,0.0,0.0,0.0,0.0,0.0,0.0
290,BRACS_280_N_17,0,0.0,0.0,0.0,0.0,11.932311,0.0,14.412493,0.0,0.0,0.0
291,BRACS_1329_PB_2,1,0.0,0.0,0.0,4.332756,0.0,0.0,0.0,0.0,0.0,0.0
292,BRACS_1330_PB_3,1,0.0,0.0,0.0,8.728879,0.0,0.0,0.0,0.0,0.0,0.0
293,BRACS_1945_N_20,0,0.0,0.0,0.0,0.0,2.7248354,0.0,3.505938,0.0,0.0,0.0
294,BRACS_758_N_3,0,0.0,0.0,0.0,0.0,12.185433,0.0,14.727423,0.0,0.0,0.0
295,BRACS_1231_PB_16,1,0.0,0.0,0.0,10.140689,0.0,0.0,0.0,0.0,0.0,0.0
296,BRACS_1904_N_1,0,0.0,0.0,0.0,0.0,7.2547092,0.0,8.8991995,0.0,0.0,0.0
297,BRACS_1238_PB_17,1,0.0,0.0,0.0,11.207446,0.0,0.0,0.0,0.0,0.0,0.0
298,BRACS_1240_PB_12,1,0.0,0.0,0.0,6.1292186,0.0,0.0,0.0,0.0,0.0,0.0
299,BRACS_1494_UDH_41,1,0.0,0.0,0.0,5.258351,0.0,0.0,0.0,0.0,0.0,0.0
